id,description
1,地元民だけが知る沖縄の名店を厳選掲載。観光ガイドには載らないリアルな味を旅の前にチェックしよう。
2,沖縄在住者が実際に通うお気に入りの店を紹介。ガイドブックでは出会えない本物のグルメ体験が待っている。
3,1000件以上の地元おすすめ店を網羅。エリア・ジャンル別に絞り込めるから、旅程に合わせてすぐ見つかる。
4,観光客向けではない、地元民が毎週通う隠れ家レストランを発見。沖縄旅行がもっと深くなる一冊を持とう。
5,沖縄グルメを知り尽くした地元ライターが取材・監修。旅行前に読めば、食の選択肢が格段に広がります。
6,口コミ平均4.5点以上の厳選店のみ掲載。ハズレなしの沖縄グルメを楽しみたい方はまずここをチェック。
7,那覇から離島まで沖縄全域をカバー。滞在先のエリアで今すぐ使えるおすすめ店を無料で検索できます。
8,地元民が「友人に連れて行く」店だけを厳選。観光地化されていない本当においしい沖縄に出会えます。
9,沖縄料理の定番から穴場カフェまで幅広く掲載。地元民の視点で選んだお店で、旅の思い出をもっと豊かに。
10,毎月更新される新着情報で、話題の新店もすぐキャッチ。最旬の沖縄グルメシーンを旅行前に予習しよう。
11,予算・シーン別で絞り込み検索が可能。デートにも家族旅行にも使えるお店が、条件ぴったりで見つかる。
12,地元民が選ぶリピート率No.1の店舗を特集。一度食べたら忘れられない沖縄の味をぜひ体験してみて。
13,創業30年以上の老舗から今年オープンの新店まで幅広く紹介。知る人ぞ知る沖縄グルメの全貌がここに。
14,現地在住者の生の声をもとにした紹介文で、雰囲気・味・価格を正直レポート。旅の計画がスムーズになる。
15,旅行者に人気の王道スポットは卒業。地元民しか知らない路地裏の名店を「ぐう」で今すぐ探してみよう。
16,沖縄そば・ゴーヤチャンプルーだけじゃない、多彩な沖縄グルメが集結。食の幅を広げる新発見がここに。
17,地元密着10年のライター陣が足で稼いだ情報のみ掲載。信頼できる沖縄グルメ情報はここでしか手に入らない。
18,写真・地図・営業時間を一画面で確認できる使いやすい設計。旅先でもストレスなくお店にたどり着けます。
19,「また沖縄に来たい」と思わせるお店に出会える。地元民おすすめの感動グルメを「ぐう」で今すぐ検索。
20,旅行者の「おいしかった」投稿が月間5万件超。みんなが見つけた沖縄の隠れ名店をあなたも体験しよう。
